user_id,video_id,topic,knowledge_level,watch_percentage,quiz_score,completion,user_rating
1,v001,Python Basics,0.20,0.95,0.90,1.00,0.95
2,v001,Python Basics,0.30,0.88,0.85,0.90,0.91
3,v002,Python Basics,0.40,0.82,0.80,0.85,0.86
4,v003,Python Basics,0.65,0.90,0.88,0.95,0.92
5,v004,Machine Learning,0.75,0.92,0.91,0.96,0.94
6,v005,Machine Learning,0.55,0.87,0.84,0.89,0.88
7,v006,Linear Algebra,0.25,0.96,0.93,1.00,0.96
8,v007,Linear Algebra,0.60,0.84,0.79,0.88,0.85
9,v008,Neural Networks,0.80,0.91,0.89,0.94,0.93
10,v009,Neural Networks,0.62,0.86,0.82,0.90,0.87
11,v010,SQL Basics,0.18,0.94,0.92,1.00,0.96
12,v011,SQL Basics,0.48,0.80,0.76,0.83,0.82
13,v012,Operating Systems,0.50,0.85,0.81,0.88,0.86
14,v013,Operating Systems,0.72,0.90,0.87,0.93,0.91
15,v014,Data Structures,0.22,0.97,0.94,1.00,0.97
16,v015,Data Structures,0.58,0.83,0.80,0.87,0.85